Column7,Column1,Column2,Column6,Column5,Column4,Column3
1,    J2,Conn_01x04,n.a.,n.a.,DNP,.Connector:1x4_USB
23,">  J4-J12, J14-J27",Conn_01x01,n.a.,n.a.,DNP,.Connector:Conn_1x1_700_Circular_Pad
1,    R12,DNL,n.a.,-,-,.Resistor:R_0201_0603Metric_ERJ_L
1,    C16,4.7nF 100V,OEPS010014,8.85012E+11,SMD CER 0603 4.7nF 100V ±10% X7R,.Capacitor:C_0603_1608Metric_L
2,">  C18, C20",22pF,OEPS010029,GRM0335C1H270GA01D,"SMD CER 0201 27pF 50V ±2% C0G, NP0",.Capacitor:C_0201_0603Metric_L
22,">  C9, C10, C19, C22-C25, C27, C28, C30, C38, C40-C49, C53",0.1uF,OEPS010035,GRM033R61E104KE14J,SMD CER 0201 100nF 25V ±10% X5R (OEPS M01 007),.Capacitor:C_0201_0603Metric_L
2,">  C14, C37",1uF,OEPS010036,CL03A105MO3NRNH,SMD CER 0201 1uF 16V ±20% X5R (OEPS M01 009),.Capacitor:C_0201_0603Metric_L
9,">  C1, C2, C6, C7, C26, C35, C50-C52",10uF,OEPS010038,CL05A106MP5NUNC,SMD CER 0402 10uF 10V ±20% X5R (OEPS M01 014),.Capacitor:C_0402_1005Metric_L
5,">  C5, C11-C13, C15",2.2uF,OEPS010042,CM03X5R225M10AH,SMD CER 0201 2.2uF 10V ±20% X5R (OEPS J05 004A),.Capacitor:C_0201_0603Metric_L
2,">  C3, C4",10pF,OEPS010060,GRM0335C1H100JA01J,SMD CER 0201 10pF 50V ±5% C0G,.Capacitor:C_0201_0603Metric_L
2,">  R11, R19",1K,OEPS020065,RC0201FR-071KL,SMD 0201 1k? ±1% 0.050W (OEPS Q20 008),.Resistor:R_0201_0603Metric_ERJ_L
1,    R10,2K,OEPS020067,RC0201FR-072KL,"SMD 0201 2k? ±1% 0.050W (OEPS Q20 006, OEPS M01 021)",.Resistor:R_0201_0603Metric_ERJ_L
1,    R21,10K,OEPS020071,ERJ-1GNF1002C,SMD 0201 10k? ±1% 0.050W (OEPS J05 021),Custom:R_0201_0603Metric_ERJ_L
3,">  R14, R16, R20",100K,OEPS020072,ERJ-1GNF1003C,SMD 0201 100k? ±1% 0.050W (OEPS J05 022),.Resistor:R_0201_0603Metric_ERJ_L
1,    R2,1K8,OEPS020074,ERJ-1GNF1801C,SMD 0201 1.8k? ±1% 0.050W (OEPS J05 024),.Resistor:R_0201_0603Metric_ERJ_L
1,    R22,47k5,OEPS020075,ERJ-1GNF4752C,SMD 0201 47.5k? ±1% 0.050W (OEPS J05 025),Custom:R_0201_0603Metric_ERJ_L
1,    D1,LXZ1-PR01,OEPS030021,LXZ1-PR01,LED SMD Blue 450nm 500mA (OEPS J05 012),.LED:LED_LXZ1_PR01_L
2,">  L3, L4",BLM18PG471SN1D,OEPS040014,BLM18PG471SN1D,FERRITE BEAD SMD 470? 1A 200m? (OEPS J05 017),.Inductor:L_0603_1608Metric_L
1,    Q2,MMBT3904LP-7B,OEPS060014,MMBT3904LP-7B,BJT NPN 40V 0.2A (OEPS J05 019),.Transistor:TRXDFN3_101X61X53L25X15N
1,    U9,LMV321IDCKR,OEPS080068,LMV321IDCKR,OPAMP GP 1 CIRCUIT (OEPS J05 030),.Package_SOT:SOT_23-5P65_210X110L36X22L
1,    U3,LTC3218,OEPS080069,LTC3218EDDB#TRMPBF,LED Driver 150mA (OEPS J1 022),.Package_SON:SON_11_P50_300X200X80L40X25T239X64L
1,    U7,NCP163AMX330TBG,OEPS080076,NCP163AMX330TBG,LDO 3.3V 250mA (OEPS Z00 004),.Package_QFN:UQFN_MCP1711
1,    U5,TSOP57438TT1,OEPSJ1008,TSOP57438TT1,IR Receiver Sensor 38.0kHz 40m Surface Mount,.Package_SON:SON_4_P300_395X395X90L55X35L
3,">  C17, C29, C36",4.7uF,TBD,GRM035R60J475ME15D   https://www.digikey.pt/en/products/detail/murata-electronics/GRM035R60J475ME15D/5877393,SMD CER 0201 4.7UF 6.3V ±20%  X5R    CASE SIZE CONTAINS MAX VOLTAGE!!,.Capacitor:C_0201_0603Metric_L
2,">  D2, D3",LTST-C191KEKT,TBD,LTST-C191KEKT,Standard LEDs - SMD SMD LED Thin Red 621nm 60mcd,.LED:LED_SC80X160X65L40L
1,    J1,475710001,TBD,0475710001 https://www.digikey.com/en/products/detail/molex/0475710001/3262277,CONN MICRO SD CARD PUSH-PULL R/A,.Connector:0475710001
1,    J3,Conn_01x04,TBD,FH19C-4S-0.5SH(10),CONN FFC BOTTOM 4POS 0.5MM R/A,.Connector:FH19C-4S-0.5SH(10)
2,">  L1, L5",10uH,TBD,0805CT-103EKFS   https://www.digikey.pt/en/products/detail/delta-electronics-components/0805CT-103EKFS/9764104,FIXED IND 10UH 400MA 2.7 OHM SMD,.Capacitor:C_0805_2012Metric_L
1,    Q1,NTK3134NT1G,TBD,NTK3134NT1G,Power MOSFET,.Transistor:TRXSOFL3P40_120X120X55L29X21L
1,    R3,1.25M,TBD,CRCW02011M20FNED   https://www.digikey.com/en/products/detail/vishay-dale/CRCW02011M20FNED/8637988,1.25M only witn non-standard package; 1.2M - as option,.Resistor:R_0201_0603Metric_ERJ_L
1,    R4,2.05M,TBD,CRCW02012M05FNED   https://www.digikey.com/en/products/detail/vishay-dale/CRCW02012M05FNED/10458998?s=N4IgjCBcpgbFoDGUBmBDANgZwKYBoQB7KAbRAGYBOABgHYAOEAXQIAcAXKEAZXYCcAlgDsA5iAC%2BBMJXqUEIZJHTZ8RUiGrNJIAEzV6AVnmLluAsUhkdAOmoGABAFkA8gAsAtlmZtOkEAFUhAXZnFEccNCwAVz4cCQIAWh1jKH4o1QsyIyZxXKA,SMD 0201 2.05M? ±1% 0.050W,.Resistor:R_0201_0603Metric_ERJ_L
1,    R5,1M,TBD,CRCW02011M00FNED   https://www.digikey.com/en/products/detail/vishay-dale/CRCW02011M00FNED/1178507,SMD 0201 1M? ±1% 0.050W,.Resistor:R_0201_0603Metric_ERJ_L
1,    R6,649K,TBD,RC0201FR-07649KL   https://www.digikey.com/en/products/detail/yageo/RC0201FR-07649KL/5280620,SMD 0201 649k? ±1% 0.050W,.Resistor:R_0201_0603Metric_ERJ_L
2,">  R7, R8",2.2K,TBD,RC0201FR-072K2L   https://www.digikey.com/en/products/detail/yageo/RC0201FR-072K2L/5280432,SMD 0201 2.2k? ±1% 0.050W,.Resistor:R_0201_0603Metric_ERJ_L
1,    R9,8.2K,TBD,ERJ-1GNF8201C   https://www.digikey.com/en/products/detail/panasonic-electronic-components/ERJ-1GNF8201C/2036216,SMD 0201 8.2k? ±1% 0.050W,.Resistor:R_0201_0603Metric_ERJ_L
1,    R13,402k,TBD,ERJ-1GNF4023C,SMD 0201 402k? ±1% 0.050W (OEPS Q20 008),.Resistor:R_0201_0603Metric_ERJ_L
1,    R15,37.4k,TBD,ERJ-1GNF3742C,SMD 0201 37.4k? ±1% 0.050W (OEPS Q20 008),.Resistor:R_0201_0603Metric_ERJ_L
2,">  R1, R17",24.9k,TBD,CRCW020124K9FNED,SMD 0201 24.9k? ±1% 0.050W (OEPS Q20 008),.Resistor:R_0201_0603Metric_ERJ_L
1,    R18,1k8,TBD,ERJ-1GNF1801C,SMD 0201 1.8k? ±1% 0.050W,.Resistor:R_0201_0603Metric_ERJ_L
1,    SW1,TL3780AF330QG,TBD,TL3780AF330QG   https://www.digikey.com/en/products/detail/e-switch/tl3780af330qg/6003168,SWITCH TACTILE SPST-NO 0.05A 12V,.Switch:SMD-Switch-3mmx2mm
1,    U1,LTC3554,TBD,LTC3554EUD#PBF   https://www.digikey.com/en/products/detail/analog-devices-inc/LTC3554EUD-PBF/2355199,IC USB POWER MANAGER 20UTQFN,Package_DFN_QFN:QFN-20-1EP_3x3mm_P0.4mm_EP1.65x1.65mm
1,    U2,HV892,TBD,HV892K7-G   https://www.digikey.com/en/products/detail/microchip-technology/HV892K7-G/4902801?s=N4IgTCBcDaIBIDUAcBOMBpA7AWgOIgF0BfIA,IC LED DRIVER LENS 10WDFN,.Package_SON:SON11P65_400X400X80L40X30T315X255L
1,    U4,MAX13030EEBE+T,TBD,MAX13030EEBE+T,IC TRANSLTR BIDIRECTIONAL 16UCSP,Package_BGA:BGA-16_1.92x1.92mm_Layout4x4_P0.5mm
1,    U6,ATSAMD51J20A-UUT-EFP,TBD,ATSAMD51J20A-UUT-EFP   https://www.digikey.com/en/products/detail/microchip-technology/atsamd51j20a-uut-efp/11476389,MCU 120MHZ 1024KB FLASH 64,.Package_BGA:ATSAMD51J20A-UUT-EFP
1,    U8,NOIP1SN0480A-STI,TBD,NOIP1SN0480A-STI,"IC CMOS IMAGE SENSOR 1/3.6"" BW_",.Package_BGA:BGA88CP50_8X11_493X613X75B25
1,    Y2,XTAL 32.7680KHZ,TBD,9HT11-32.768KBZF-T,CRYSTAL 32.7680KHZ 12.5PF SMD,Crystal:Crystal_SMD_MicroCrystal_CC8V-T1A-2Pin_2.0x1.2mm
1,    L2,4.7uH,TBD  !! OEPS040017 Obsolete,!! CIG21L4R7MNE Obsolete; to select a new one,FIXED INDUCTOR SMD 4.7uH 750mA 260m?,.Capacitor:C_0805_2012Metric_L
